{"cameraMode":{"drawMode":0,"name":"Shaded","section":"Shading Mode"},"sceneLighting":true,"audioPlay":false,"sceneViewState":{"m_AlwaysRefresh":false,"showFog":true,"showSkybox":true,"showFlares":true,"showImageEffects":true,"showParticleSystems":true,"showVisualEffectGraphs":true,"m_FxEnabled":true},"in2DMode":false,"pivot":{"x":119.76972198486328,"y":2.3144335746765138,"z":132.41111755371095},"rotation":{"x":-0.4876476228237152,"y":0.050233811140060428,"z":-0.028116676956415178,"w":-0.8711655735969544},"size":0.5660253763198853,"orthographic":false}