{"cameraMode":{"drawMode":0,"name":"Shaded","section":"Shading Mode"},"sceneLighting":true,"audioPlay":false,"sceneViewState":{"m_AlwaysRefresh":false,"showFog":true,"showSkybox":true,"showFlares":true,"showImageEffects":true,"showParticleSystems":true,"showVisualEffectGraphs":true,"m_FxEnabled":true},"in2DMode":false,"pivot":{"x":117.51801300048828,"y":12.63653564453125,"z":127.34886932373047},"rotation":{"x":0.026678482070565225,"y":-0.013153573498129845,"z":-0.000866734073497355,"w":-0.999701201915741},"size":8.864005088806153,"orthographic":false}