{"cameraMode":{"drawMode":0,"name":"Shaded","section":"Shading Mode"},"sceneLighting":true,"audioPlay":false,"sceneViewState":{"m_AlwaysRefresh":false,"showFog":true,"showSkybox":true,"showFlares":true,"showImageEffects":true,"showParticleSystems":true,"showVisualEffectGraphs":true,"m_FxEnabled":true},"in2DMode":false,"pivot":{"x":114.32260131835938,"y":4.022403240203857,"z":149.18853759765626},"rotation":{"x":0.06478385627269745,"y":-0.878638744354248,"z":0.12507055699825288,"w":0.45640772581100466},"size":4.085934638977051,"orthographic":false}