{"cameraMode":{"drawMode":0,"name":"Shaded","section":"Shading Mode"},"sceneLighting":true,"audioPlay":false,"sceneViewState":{"m_AlwaysRefresh":false,"showFog":true,"showSkybox":true,"showFlares":true,"showImageEffects":true,"showParticleSystems":true,"showVisualEffectGraphs":true,"m_FxEnabled":true},"in2DMode":false,"pivot":{"x":119.25052642822266,"y":1.5162314176559449,"z":133.5569610595703},"rotation":{"x":0.20852379500865937,"y":-0.4587272107601166,"z":0.11169206351041794,"w":0.8565449118614197},"size":1.2339746952056885,"orthographic":false}