{"cameraMode":{"drawMode":0,"name":"Shaded","section":"Shading Mode"},"sceneLighting":true,"audioPlay":false,"sceneViewState":{"m_AlwaysRefresh":false,"showFog":true,"showSkybox":true,"showFlares":true,"showImageEffects":true,"showParticleSystems":true,"showVisualEffectGraphs":true,"m_FxEnabled":true},"in2DMode":false,"pivot":{"x":116.55828857421875,"y":0.5072668790817261,"z":135.70167541503907},"rotation":{"x":-0.12633997201919557,"y":-0.6474028825759888,"z":0.11000116914510727,"w":-0.7435229420661926},"size":1.5096900463104249,"orthographic":false}